{"file_hashes":[{"block_hashes":["9UuGmbifDs0zB+qgOH13I9DnkwfeaYmjDcr/KEr+uKA="],"block_size":4096,"path":"attribution.md"},{"block_hashes":["E8zKWUEhuZRREoOab8/79uMKhJHQOuaU3S5zqPyuZQg="],"block_size":4096,"path":"bootstrap.js"},{"block_hashes":["d+lPm2G7IoBPuBaVslOeU2hg1GCAlkmOGIxXymzGM+A=","XUlQwAF+mXCwQJv8UbXE45r93xYwc50xCaWW2Z+9yt0=","Ym8onXk3r9R3BtgPQfRwJMG5MyUoOZZ+EXFiroQ/VXA=","LvQc6apnSn6lNW63deF37gZ1TkOeuKxRS5Z6ZibB5is=","aEOQxGXidGbDV4m/8JxEYAJpAz5Sa5GgBuWgH3H4T4c=","Uy5DkAmYGe+3l+EFqU9VXLwg9FF881zXkyhNDi+DoYQ="],"block_size":4096,"path":"lib/highlight.min.js"},{"block_hashes":["cx983rRXqJ5VDvq4yz5oGeEneppjlyJERCwZe/5ClCM=","iI9k3dQzoSycmp6vYl7XKFF8SfFgzoLxNly5TIo96No=","45vS5bcmnMd4niCcpmbI+dMKlZvVTLQHpMl35TcNrkw=","UhZYDT68m4uRZc/FVkCbOSutORGEJCaJcx9SJioMRT0=","PyMxjrA0WFm11rZcHPcPZS32LnQ01WOvQA4p/wMoxPo=","jqGSEq68NuEB5AbRaOhn66c2/SjGgyjlUtHOotmYsn8="],"block_size":4096,"path":"lib/pako_inflate.min.js"},{"block_hashes":["GD+P6YT3d2tg/VdT0BLGPIMihm3ZNx5KAy5Odk5BI1E="],"block_size":4096,"path":"LICENSE"},{"block_hashes":["faiHj5Ae9eeEmqvLmX/tMkis0MzN2f8N9A8jbB81vxU="],"block_size":4096,"path":"README.md"},{"block_hashes":["HpN/3pPvcJFDsFKxMpjnWI2OyHxqzcqC8OHwTwGWDiI="],"block_size":4096,"path":"src/exportDialog.html"},{"block_hashes":["S2BfGzzLlvzqUmVsuc/u42K5QvZDFPY0Xdj28naSQQ0="],"block_size":4096,"path":"src/exportDialog.js"},{"block_hashes":["QvolXV/OsHlDkgq63nkO+r8Du9tXQM+zhQNKnIW7NuQ=","LKUIwgT5gi3XhO7+/fJjyNyjeKbCsGc054d29HOjCmg="],"block_size":4096,"path":"src/filters.js"},{"block_hashes":["Q/TRRdOwEsyr2cD3xjNSQ5jGaS4q37+bc3ByhM3sv/E="],"block_size":4096,"path":"src/hash.js"},{"block_hashes":["g3bV33TVU43em343n1mAvSF4+BaSBhokTxOG7ll9iJU="],"block_size":4096,"path":"src/importDialog.html"},{"block_hashes":["HCPucDYzZSmJgliojXzKpEJjdMRBaBSBKnSQiHMJcfw="],"block_size":4096,"path":"src/importDialog.js"},{"block_hashes":["LxVfdBxALxPSf9FzxtFMGjeJIWsTIhQxvlmsz8O8keE="],"block_size":4096,"path":"src/resources/css/buttons.css"},{"block_hashes":["622W5O6OEqladpPTQlyudobJ+JSseLTj6vykn+kuqZI="],"block_size":4096,"path":"src/resources/css/dialog.css"},{"block_hashes":["2ZqS3ZalTIW/B2WIaGXQXf1PyC9Stu/dpUT7Hry1yQI="],"block_size":4096,"path":"src/resources/css/exportDialog.css"},{"block_hashes":["NS4PYVf+n+G1K3TCDyBt69NBFxwm5+J0ow6imQ+WNY4="],"block_size":4096,"path":"src/resources/css/modal.css"},{"block_hashes":["Kd4QCIpSJam/fZvXBbYt/IafLPdJtzIZfX4r879xfno="],"block_size":4096,"path":"src/resources/css/samltrace.css"},{"block_hashes":["7k9jQtw7c3VSdiXymOEnEXL8wpQMtAtgFA6r7UylW+E="],"block_size":4096,"path":"src/resources/css/syntax.css"},{"block_hashes":["g8oCN/TFol0uYr2QjkfuO54YTfuKogiHd3+OXc0Vga0=","J1bRL55DwT0KmkA19E7vPRNHiQ6tITysYXduCMcvLrM="],"block_size":4096,"path":"src/resources/images/icon.svg"},{"block_hashes":["hL19SMSHWBuOSskf6r7qYNW5GKTS6zy63o0KTmnqimY="],"block_size":4096,"path":"src/resources/images/icons/button-autoscroll-active.png"},{"block_hashes":["wpOrZfh3m5wzfbuzBQNw7FqjjLEXe8ItEODF4oX0PE4="],"block_size":4096,"path":"src/resources/images/icons/button-autoscroll-default.png"},{"block_hashes":["kpJpthMrtMZ8ZbUakCyLqyzEwX0LZ0ccL/cZiUoWOWI="],"block_size":4096,"path":"src/resources/images/icons/button-autoscroll.svg"},{"block_hashes":["7cdcQ2mCVVSof4p1S4DnjCUnly92NlG0/miG4DyyqKU="],"block_size":4096,"path":"src/resources/images/icons/button-clear-default.png"},{"block_hashes":["p41VMqfd/2sMLY0cOJZLNkBiESPu0EDkNrsexBbSILc="],"block_size":4096,"path":"src/resources/images/icons/button-clear.svg"},{"block_hashes":["h5RfsTg8BSfcQqc3fN/eLH7G/JObMvoygmKz/6DVLK0="],"block_size":4096,"path":"src/resources/images/icons/button-colorize-active.png"},{"block_hashes":["LcN76aCvF5g1Ob5PgMwq+XlyZLm7wP4yZwZ3ZnbFSzk="],"block_size":4096,"path":"src/resources/images/icons/button-colorize-default.png"},{"block_hashes":["559GZ+GylBkQTTassFK8fIOchMqCDOhIeUWXzCJbzqQ="],"block_size":4096,"path":"src/resources/images/icons/button-colorize.svg"},{"block_hashes":["IYebYK1LmntIG3/OTkmjKrBwCZ2mLfMhIc0PolqrTz4="],"block_size":4096,"path":"src/resources/images/icons/button-export-default.png"},{"block_hashes":["Uw6PWaZebNAIkKSJmJSipfLg5sl5TPu5o3TuEO7Z6VM="],"block_size":4096,"path":"src/resources/images/icons/button-export.svg"},{"block_hashes":["b4MwKPHTdLZw3rJH9T/82wANEjYq677qVb0nUNAPhB8="],"block_size":4096,"path":"src/resources/images/icons/button-filter-active.png"},{"block_hashes":["QcdMsxd0Rhqm7PWj2vvo9HL8a/McrDTG5J2K1AEB+gg="],"block_size":4096,"path":"src/resources/images/icons/button-filter-default.png"},{"block_hashes":["lPzFCV/5+Cx/bQWJeq2h8iKP9DyNLR9PmsLLgrxrXJ4="],"block_size":4096,"path":"src/resources/images/icons/button-filter.svg"},{"block_hashes":["gZq7qoPf+uBnnng+wHZxFMRBhxvV0kfTOoSoHC5Ynts="],"block_size":4096,"path":"src/resources/images/icons/button-import-default.png"},{"block_hashes":["efzkBemcm48okd2m2ftXWWwa4S9GomhEMA/BNuXP4PM="],"block_size":4096,"path":"src/resources/images/icons/button-import.svg"},{"block_hashes":["kjmtPxjWQ0qLD+9HONOf2NOCAUIlZ38Wjo0q24a4yCI="],"block_size":4096,"path":"src/resources/images/icons/button-pause-active.png"},{"block_hashes":["a5Flz8lj8bOblnSoqsvjg0BOSGP5RQzs9NrJ50EgnAU="],"block_size":4096,"path":"src/resources/images/icons/button-pause-default.png"},{"block_hashes":["Mcbe+8W8VJD2APFazvQGl/1F4iexdGNcrH55/eI1ixc="],"block_size":4096,"path":"src/resources/images/icons/button-pause.svg"},{"block_hashes":["ZIpMmi5qirNRTs7X7BfcgXmcf3TQRKpfSsOQ+hBBut8=","NZfaQZPUYMimClJPQMfhfizJ9FxxEf4PrMQJtXIVcxA="],"block_size":4096,"path":"src/resources/images/saml-button.svg"},{"block_hashes":["M5xUsf3pTWpvW/PZ606A2+gdfN1VFAjsyf10HzrKXl4="],"block_size":4096,"path":"src/resources/images/saml.png"},{"block_hashes":["OPfWcILGQ0Yv1iz+TP0xDIRk+zvOiE0PGh5QxLAWSRk="],"block_size":4096,"path":"src/resources/images/saml.svg"},{"block_hashes":["+QS5lXD90DaSfD+kDBEWEI7gWq6VFh4PSHidpU+dkyY="],"block_size":4096,"path":"src/resources/images/ws-fed.png"},{"block_hashes":["OvnEymjZBdUkQ5Xmt1BRx00315Zr5KQNk6kjwXnwa7g="],"block_size":4096,"path":"src/resources/images/ws-fed.svg"},{"block_hashes":["UMQmbYpZCzZ93RklS6YXIOdoSKXIFO6FtuR0xOmS5yw=","AOMwNDKIlyHylaBJmvFW1Tsj5f/pcOuNlJpUXHtdd1Y=","EVUAtICRO+XoaezydSeLtABIBCztDpLjAP8LnUAVPkk=","8qm3ELoyTCfglINCmzYDaTQwlevcKaBYK4WlXan7j1E=","5YNUqUG2dkzYYwhz5wnc9g3lsuji6RIB23qJuL38xdA=","dT6R9OMxqU876aWWgcUlKCTuuqxos0dRPHCRT/ytccA=","+vAPm/Ikbpjtg9sOVnAar46rqSQt30M1TLdboK512Rk=","dDS9GQyoHWRq0TjcuojPuEF3zp6mym5VlcO9yLYJ5Qo=","q8w5d8W3/rI23jwhY/Hvv32DURdjt/sDxRVLLJ+s2Qo="],"block_size":4096,"path":"src/SAMLTrace.js"},{"block_hashes":["QItKoglkN8eweyjrx0zGqHfhnZPXubeA2GTEBVuSn4E=","54CFlR0fuzJ7J+vllB+mzw5UMWvltXs3teUUKRDl+GM="],"block_size":4096,"path":"src/SAMLTraceIO.js"},{"block_hashes":["oEVGZuN3YGdgOGRKhB3TGAQFCYIFHx9V6j/lboKIhlc="],"block_size":4096,"path":"src/scrollableList.js"},{"block_hashes":["9YPVMNtSYEefuNtTWxwxw7lMxAPbMDQnGy9oEvENYiM="],"block_size":4096,"path":"src/splitter.js"},{"block_hashes":["AYjwg3S3T0v96kNuVY0L1+wvxeuyF77QbmfISuDYskk="],"block_size":4096,"path":"src/TraceWindow.html"},{"block_hashes":["bCsxm8E17QhtpJVl4brm4KtUO9qPUyl/Mm32cI/tTNE=","SliQGSt08WLuw+ICG2llzIMD7RxkG1JBovws8z2ZYG8=","qZ8LH0tvCPUwqciGe0jR5lOzS+HR6VlxGSoAQeYH7jE="],"block_size":4096,"path":"src/ui.js"}],"version":2}